www.alphaquest.com,alphaquest.com,Alpha Quest
www.bluetree.com,bluetree.com,Blue Tree
www.chronosgate.com,chronosgate.com,Chronos Gate
www.darkriver.com,darkriver.com,Dark River
www.echovault.com,echovault.com,Echo Vault
www.firestone.com,firestone.com,Fire Stone
www.greenoasis.com,greenoasis.com,Green Oasis
www.hollowcove.com,hollowcove.com,Hollow Cove
www.ironpeak.com,ironpeak.com,Iron Peak
www.jadeharbor.com,jadeharbor.com,Jade Harbor
www.knightfall.com,knightfall.com,Knightfall
www.lunareclipse.com,lunareclipse.com,Lunar Eclipse
www.mysticwoods.com,mysticwoods.com,Mystic Woods
www.nightshade.com,nightshade.com,Night Shade
www.orchidgarden.com,orchidgarden.com,Orchid Garden
www.purewater.com,purewater.com,Pure Water
www.quartzvalley.com,quartzvalley.com,Quartz Valley
www.ravenwing.com,ravenwing.com,Raven Wing
www.silvermoon.com,silvermoon.com,Silver Moon
www.twinpine.com,twinpine.com,Twin Pine
www.umbrawind.com,umbrawind.com,Umbra Wind
www.violetdawn.com,violetdawn.com,Violet Dawn
www.windspire.com,windspire.com,Wind Spire
www.yellowriver.com,yellowriver.com,Yellow River
www.zenithpeak.com,zenithpeak.com,Zenith Peak
www.astraltide.com,astraltide.com,Astral Tide
www.bloodrose.com,bloodrose.com,Blood Rose
www.crystalhaven.com,crystalhaven.com,Crystal Haven
www.darkwater.com,darkwater.com,Dark Water
www.eagleeye.com,eagleeye.com,Eagle Eye
www.frostbite.com,frostbite.com,Frost Bite
www.goldenleaf.com,goldenleaf.com,Golden Leaf
www.hawkshadow.com,hawkshadow.com,Hawk Shadow
www.iceveil.com,iceveil.com,Ice Veil
www.junglebeat.com,junglebeat.com,Jungle Beat
www.kiwibird.com,kiwibird.com,Kiwi Bird
www.lightningstrike.com,lightningstrike.com,Lightning Strike
www.midnightbreeze.com,midnightbreeze.com,Midnight Breeze
www.neonwave.com,neonwave.com,Neon Wave
www.oceanmist.com,oceanmist.com,Ocean Mist
www.phoenixrise.com,phoenixrise.com,Phoenix Rise
www.quicksilver.com,quicksilver.com,Quick Silver
www.redcliff.com,redcliff.com,Red Cliff
www.shadowbrook.com,shadowbrook.com,Shadow Brook
www.tidalwave.com,tidalwave.com,Tidal Wave
www.underworld.com,underworld.com,Under World
www.venomstrike.com,venomstrike.com,Venom Strike
www.wildwood.com,wildwood.com,Wild Wood
www.xenonlight.com,xenonlight.com,Xenon Light
www.yellowstone.com,yellowstone.com,Yellow Stone
www.zephyrbreeze.com,zephyrbreeze.com,Zephyr Breeze
www.ancientpath.com,ancientpath.com,Ancient Path
www.blazefury.com,blazefury.com,Blaze Fury
www.cobramist.com,cobramist.com,Cobra Mist
www.dragonslayer.com,dragonslayer.com,Dragon Slayer
www.eclipsewatch.com,eclipsewatch.com,Eclipse Watch
www.flameheart.com,flameheart.com,Flame Heart
www.glacialpeak.com,glacialpeak.com,Glacial Peak
www.horizonbound.com,horizonbound.com,Horizon Bound
www.ivorytower.com,ivorytower.com,Ivory Tower
www.jadeshadow.com,jadeshadow.com,Jade Shadow
www.kingsreach.com,kingsreach.com,King's Reach
www.lunarlight.com,lunarlight.com,Lunar Light
www.moonshadow.com,moonshadow.com,Moon Shadow
www.nightsong.com,nightsong.com,Night Song
www.oceanbreeze.com,oceanbreeze.com,Ocean Breeze
www.polarisstar.com,polarisstar.com,Polaris Star
www.quietforest.com,quietforest.com,Quiet Forest
www.roseblossom.com,roseblossom.com,Rose Blossom
www.sandstorm.com,sandstorm.com,Sand Storm
www.thunderclap.com,thunderclap.com,Thunder Clap
www.undertow.com,undertow.com,Under Tow
www.valleyforge.com,valleyforge.com,Valley Forge
www.wildfire.com,wildfire.com,Wild Fire
www.xenithsun.com,xenithsun.com,Xenith Sun
www.yonderhill.com,yonderhill.com,Yonder Hill
www.zenithstar.com,zenithstar.com,Zenith Star
www.auroradream.com,auroradream.com,Aurora Dream
www.blackthorn.com,blackthorn.com,Black Thorn
www.coppercloud.com,coppercloud.com,Copper Cloud
www.dreamcatcher.com,dreamcatcher.com,Dream Catcher
www.emberglow.com,emberglow.com,Ember Glow
www.frostfang.com,frostfang.com,Frost Fang
www.goldensun.com,goldensun.com,Golden Sun
www.hawkseye.com,hawkseye.com,Hawk's Eye
www.infernoflame.com,infernoflame.com,Inferno Flame
www.jadeecho.com,jadeecho.com,Jade Echo
www.kryptonstar.com,kryptonstar.com,Krypton Star
www.lightwing.com,lightwing.com,Light Wing
www.mistvalley.com,mistvalley.com,Mist Valley
www.nebulaquest.com,nebulaquest.com,Nebula Quest
www.oakshadow.com,oakshadow.com,Oak Shadow
www.phantomlight.com,phantomlight.com,Phantom Light
www.quicksand.com,quicksand.com,Quick Sand
www.ravenclaw.com,ravenclaw.com,Raven Claw
www.stormbringer.com,stormbringer.com,Storm Bringer
www.tigereye.com,tigereye.com,Tiger Eye
www.umbrafang.com,umbrafang.com,Umbra Fang
www.venomwind.com,venomwind.com,Venom Wind
www.windstalker.com,windstalker.com,Wind Stalker
www.yourdestiny.com,yourdestiny.com,Your Destiny
www.zionfall.com,zionfall.com,Zion Fall
www.aetherwing.com,aetherwing.com,Aether Wing
www.blacksunrise.com,blacksunrise.com,Black Sunrise
www.crystalstorm.com,crystalstorm.com,Crystal Storm
www.dragonfire.com,dragonfire.com,Dragon Fire
www.elderspire.com,elderspire.com,Elder Spire
www.firestorm.com,firestorm.com,Fire Storm
www.galacticdream.com,galacticdream.com,Galactic Dream
www.horizonfire.com,horizonfire.com,Horizon Fire
www.iceberg.com,iceberg.com,Iceberg
www.juniperforest.com,juniperforest.com,Juniper Forest
www.kingdomcome.com,kingdomcome.com,Kingdom Come
www.lunafrost.com,lunafrost.com,Luna Frost
www.mysticriver.com,mysticriver.com,Mystic River
www.nevermore.com,nevermore.com,Never More
www.orchardgrove.com,orchardgrove.com,Orchard Grove
www.polarstar.com,polarstar.com,Polar Star
www.quietwaters.com,quietwaters.com,Quiet Waters
www.roselake.com,roselake.com,Rose Lake
www.sanddune.com,sanddune.com,Sand Dune
www.thundermist.com,thundermist.com,Thunder Mist
www.underhill.com,underhill.com,Under Hill
www.vortexshadow.com,vortexshadow.com,Vortex Shadow
www.wildsky.com,wildsky.com,Wild Sky
www.xenonflare.com,xenonflare.com,Xenon Flare
www.yonderlight.com,yonderlight.com,Yonder Light
www.zenithmoon.com,zenithmoon.com,Zenith Moon
www.bloodstone.com,bloodstone.com,Blood Stone
www.cloudveil.com,cloudveil.com,Cloud Veil
www.dawnbreaker.com,dawnbreaker.com,Dawn Breaker
www.embershadow.com,embershadow.com,Ember Shadow
www.frostwave.com,frostwave.com,Frost Wave
www.grandspire.com,grandspire.com,Grand Spire
www.hawthornpeak.com,hawthornpeak.com,Hawthorn Peak
www.ironclad.com,ironclad.com,Iron Clad
www.junglewhisper.com,junglewhisper.com,Jungle Whisper
www.kiwihaven.com,kiwihaven.com,Kiwi Haven
www.lunarveil.com,lunarveil.com,Lunar Veil
www.mistcliff.com,mistcliff.com,Mist Cliff
www.neonlight.com,neonlight.com,Neon Light
www.phoenixdawn.com,phoenixdawn.com,Phoenix Dawn
www.ravenwood.com,ravenwood.com,Raven Wood
www.shadowmist.com,shadowmist.com,Shadow Mist
www.thunderpeak.com,thunderpeak.com,Thunder Peak
www.umbrawolf.com,umbrawolf.com,Umbra Wolf
www.vortexrise.com,vortexrise.com,Vortex Rise
www.windcradle.com,windcradle.com,Wind Cradle
www.yondervalley.com,yondervalley.com,Yonder Valley
www.zephyrwind.com,zephyrwind.com,Zephyr Wind
www.aurorashield.com,aurorashield.com,Aurora Shield
www.blackrain.com,blackrain.com,Black Rain
www.crimsonstorm.com,crimsonstorm.com,Crimson Storm
www.dreamerstar.com,dreamerstar.com,Dreamer Star
www.echolight.com,echolight.com,Echo Light
www.frostblade.com,frostblade.com,Frost Blade
www.goldenarrow.com,goldenarrow.com,Golden Arrow
www.hawkmoon.com,hawkmoon.com,Hawk Moon
www.infernowave.com,infernowave.com,Inferno Wave
www.jadepeak.com,jadepeak.com,Jade Peak
www.komodofire.com,komodofire.com,Komodo Fire
www.lightfall.com,lightfall.com,Light Fall
www.mistydawn.com,mistydawn.com,Misty Dawn
www.nightfall.com,nightfall.com,Night Fall
www.orchidmist.com,orchidmist.com,Orchid Mist
www.phantomsun.com,phantomsun.com,Phantom Sun
www.shadowvale.com,shadowvale.com,Shadow Vale
www.undertide.com,undertide.com,Under Tide
www.violetcrest.com,violetcrest.com,Violet Crest
www.windstorm.com,windstorm.com,Wind Storm
www.yourfuture.com,yourfuture.com,Your Future
www.zephyrlight.com,zephyrlight.com,Zephyr Light
www.amberstone.com,amberstone.com,Amber Stone
www.bluemoon.com,bluemoon.com,Blue Moon
www.copperpeak.com,copperpeak.com,Copper Peak
www.dragonspire.com,dragonspire.com,Dragon Spire
www.emberspark.com,emberspark.com,Ember Spark
www.fireveil.com,fireveil.com,Fire Veil
www.glacialstorm.com,glacialstorm.com,Glacial Storm
www.horizonsun.com,horizonsun.com,Horizon Sun
www.icefang.com,icefang.com,Ice Fang
www.junglefire.com,junglefire.com,Jungle Fire
www.kingfrost.com,kingfrost.com,King Frost
www.lunashadow.com,lunashadow.com,Luna Shadow
www.mistylake.com,mistylake.com,Misty Lake
www.neonflare.com,neonflare.com,Neon Flare
www.oceansong.com,oceansong.com,Ocean Song
www.phoenixflame.com,phoenixflame.com,Phoenix Flame
www.quietmoon.com,quietmoon.com,Quiet Moon
www.ravenshadow.com,ravenshadow.com,Raven Shadow
www.shadowfire.com,shadowfire.com,Shadow Fire
www.thunderveil.com,thunderveil.com,Thunder Veil
www.umbrawave.com,umbrawave.com,Umbra Wave
www.wildwind.com,wildwind.com,Wild Wind
www.xenonstorm.com,xenonstorm.com,Xenon Storm
www.zephyrdawn.com,zephyrdawn.com,Zephyr Dawn
www.aetherlight.com,aetherlight.com,Aether Light
www.bloodstorm.com,bloodstorm.com,Blood Storm
www.crystalpeak.com,crystalpeak.com,Crystal Peak
www.dreamveil.com,dreamveil.com,Dream Veil
www.eldershadow.com,eldershadow.com,Elder Shadow
www.firefall.com,firefall.com,Fire Fall
www.galaxyquest.com,galaxyquest.com,Galaxy Quest
www.horizoncrest.com,horizoncrest.com,Horizon Crest
www.icefire.com,icefire.com,Ice Fire
www.kiwispirit.com,kiwispirit.com,Kiwi Spirit
www.lightshadow.com,lightshadow.com,Light Shadow
www.mistwhisper.com,mistwhisper.com,Mist Whisper
www.neverlight.com,neverlight.com,Never Light
www.orchidvale.com,orchidvale.com,Orchid Vale
www.phantomsoul.com,phantomsoul.com,Phantom Soul
www.rosefire.com,rosefire.com,Rose Fire
www.shadowfrost.com,shadowfrost.com,Shadow Frost
www.tidalsurge.com,tidalsurge.com,Tidal Surge
www.undermoon.com,undermoon.com,Under Moon
www.vortexflame.com,vortexflame.com,Vortex Flame
www.windveil.com,windveil.com,Wind Veil
www.auroraquest.com,auroraquest.com,Aurora Quest
www.blackveil.com,blackveil.com,Black Veil
www.crystalwind.com,crystalwind.com,Crystal Wind
www.dragonstar.com,dragonstar.com,Dragon Star
www.echolake.com,echolake.com,Echo Lake
www.frostcliff.com,frostcliff.com,Frost Cliff
www.goldenshadow.com,goldenshadow.com,Golden Shadow
www.hawkflight.com,hawkflight.com,Hawk Flight
www.infernorise.com,infernorise.com,Inferno Rise
www.jadelight.com,jadelight.com,Jade Light
www.kryptonpeak.com,kryptonpeak.com,Krypton Peak
www.lunarwhisper.com,lunarwhisper.com,Lunar Whisper
www.mistfire.com,mistfire.com,Mist Fire
www.nightveil.com,nightveil.com,Night Veil
www.orchardmist.com,orchardmist.com,Orchard Mist
www.phantomecho.com,phantomecho.com,Phantom Echo
www.quietstorm.com,quietstorm.com,Quiet Storm
www.rosecliff.com,rosecliff.com,Rose Cliff
www.shadowecho.com,shadowecho.com,Shadow Echo
www.tidalfury.com,tidalfury.com,Tidal Fury
www.underdream.com,underdream.com,Under Dream
www.vortexwave.com,vortexwave.com,Vortex Wave
www.wildcrest.com,wildcrest.com,Wild Crest
www.xenonquest.com,xenonquest.com,Xenon Quest
www.zephyrecho.com,zephyrecho.com,Zephyr Echo
www.ancientstar.com,ancientstar.com,Ancient Star
www.blazewind.com,blazewind.com,Blaze Wind
www.copperdawn.com,copperdawn.com,Copper Dawn
www.dreamfire.com,dreamfire.com,Dream Fire
www.embersun.com,embersun.com,Ember Sun
www.galaxystorm.com,galaxystorm.com,Galaxy Storm
www.horizonlight.com,horizonlight.com,Horizon Light
www.ironfrost.com,ironfrost.com,Iron Frost
www.kiwiflight.com,kiwiflight.com,Kiwi Flight
www.orchidlight.com,orchidlight.com,Orchid Light
www.phantomfire.com,phantomfire.com,Phantom Fire
www.rosewhisper.com,rosewhisper.com,Rose Whisper
www.thunderfall.com,thunderfall.com,Thunder Fall
www.venomlight.com,venomlight.com,Venom Light
www.windcrest.com,windcrest.com,Wind Crest
www.yonderstorm.com,yonderstorm.com,Yonder Storm
www.zephyrveil.com,zephyrveil.com,Zephyr Veil
www.aetherstorm.com,aetherstorm.com,Aether Storm
www.bloodmoon.com,bloodmoon.com,Blood Moon
www.crystalwave.com,crystalwave.com,Crystal Wave
www.dragonflight.com, dragonflight.com, Dragon Flight

